dataset,checkpoint,sample_rate,best_layer,macro_f1,balanced_accuracy,auc,examples,sound,noise
Dominica,16k L9,16000,L0,1.0,1.0,1.0,164,78,86
Dominica,8k L8,8000,L0,1.0,1.0,1.0,164,78,86
annotations,16k L9,16000,L8,0.5381524765855329,0.553082191780822,0.5842911428035278,584,292,292
annotations,8k L8,8000,L7,0.5953790570778632,0.601027397260274,0.6423813098142239,584,292,292
annotations2,16k L9,16000,L11,0.6849183612000308,0.6851851851851851,0.7510707986898464,378,189,189
annotations2,8k L8,8000,final,0.5934598162506415,0.5952380952380952,0.6246465664455083,378,189,189
