checkpoint,probe,sample_rate,layer,event_f1,event_precision,event_recall,frame_macro_f1,frame_positive_f1,balanced_accuracy,average_precision,auc,train_files,test_files,train_frames,test_frames,tolerance_s,start_threshold,end_threshold,min_sound_s,min_gap_s,chronological,input_samples,output_embeddings,samples_per_embedding,embedding_ms,impulse_samples,peak_embedding_indices
8k L8,logistic_regression,8000,final,0.19506994475495104,0.13007884872247835,0.38985020661157027,0.5381538052559492,0.15427819633154177,0.8602530340854884,0.24919241743143966,0.9279144701255492,29,10,161303,1004000,0.0025,0.8,0.5,0.0,0.0,True,80000,2000,40.0,5.0,"[8000, 24000, 40000, 56000, 72000]","[200, 600, 1000, 1400, 1800]"
8k L8,mlp,8000,final,0.0,0.0,0.0,0.6151533037766386,0.2599114379677344,0.8050655592024227,0.24424226641204155,0.9189622827884809,29,10,3002000,1004000,0.0025,0.8,0.5,0.0,0.0,True,80000,2000,40.0,5.0,"[8000, 24000, 40000, 56000, 72000]","[200, 600, 1000, 1400, 1800]"
8k L8,bilstm,8000,final,0.0,0.0,0.0,0.6045962915443123,0.24283222309376354,0.812124301328105,0.20502778690826068,0.9173953915786708,29,10,3002000,1004000,0.0025,0.8,0.5,0.0,0.0,True,80000,2000,40.0,5.0,"[8000, 24000, 40000, 56000, 72000]","[200, 600, 1000, 1400, 1800]"
16k L9,logistic_regression,16000,final,0.19493897336757363,0.12551555010589677,0.4362086776859504,0.5496600112688962,0.1438421115018373,0.9295046524365373,0.2677865320400559,0.9747625467207561,29,10,82322,1024000,0.00125,0.8,0.5,0.0,0.0,True,80000,2000,40.0,2.5,"[8000, 24000, 40000, 56000, 72000]","[201, 601, 1001, 1401, 1801]"
16k L9,mlp,16000,final,0.0012876641771825906,0.22727272727272727,0.0006456611570247934,0.6189908236590305,0.25377529625179635,0.8346671655075428,0.25304265128444975,0.9644419698064626,29,10,3060000,1024000,0.00125,0.8,0.5,0.0,0.0,True,80000,2000,40.0,2.5,"[8000, 24000, 40000, 56000, 72000]","[201, 601, 1001, 1401, 1801]"
16k L9,bilstm,16000,final,0.0012841916013869269,0.11627906976744186,0.0006456611570247934,0.5919366099857515,0.20767479239217787,0.8794574392657156,0.2458800460232274,0.968311132855062,29,10,3060000,1024000,0.00125,0.8,0.5,0.0,0.0,True,80000,2000,40.0,2.5,"[8000, 24000, 40000, 56000, 72000]","[201, 601, 1001, 1401, 1801]"
